{
  "managedApiConnections": {},
  "serviceProviderConnections": {
    "sql": {
      "parameterValues": {
        "connectionString": "@appsetting('sql_connectionString')"
      },
      "serviceProvider": {
        "id": "/serviceProviders/sql"
      },
      "displayName": "sql-aisesb-db"
    },
    "serviceBus": {
      "parameterValues": {
        "connectionString": "@appsetting('serviceBus_connectionString')"
      },
      "serviceProvider": {
        "id": "/serviceProviders/serviceBus"
      },
      "displayName": "aisesb-ns"
    }
  }
}
